reference,prediction,norm_reference,norm_prediction,original_wer,original_cer,corrected_prediction,corrected_reference,llm_wer,llm_cer
खोज कम मांग के लिए इंजन में वेबसाइट पदोन्नति,खोज कम मांग के लिए इंजन में वेबसाइट पदोन्नति,खोज कम मांग के लिए इंजन में वेबसाइट पदोन्नति,खोज कम मांग के लिए इंजन में वेबसाइट पदोन्नति,0.0,0.0,खोज कम मांग के लिए इंजन में वेबसाइट पदोन्नति,खोज कम मांग के लिए इंजन में वेबसाइट पदोन्नति,0.0,0.0
ट्रेन लक्ष्मीबाई नगर भी नहीं पहुंचती कि लोगों का बतियाना बन्द हो जाता है,ट्रेन लक्ष्मीबाई नगर भी नहीं पहुँचती कि लोगों का बतियाना बंद हो जाता है,ट्रेन लक्ष्मीबाई नगर भी नहीं पहुंचती कि लोगों का बतियाना बन्द हो जाता है,ट्रेन लक्ष्मीबाई नगर भी नहीं पहुँचती कि लोगों का बतियाना बंद हो जाता है,0.14285714285714285,0.041666666666666664,ट्रेन लक्ष्मीबाई नगर भी नहीं पहुंचती कि लोगों का बतियाना बन्द हो जाता है,ट्रेन लक्ष्मीबाई नगर भी नहीं पहुंचती कि लोगों का बतियाना बन्द हो जाता है,0.0,0.0
नई पॉलिसी के तहत एक्सट्रा चार्ज देकर ज्यादा एफएआर भी लिया जा सकता है,नई पॉलिसी के तहत एक्स्ट्रा चार्ज देकर ज्यादा एफआईआर भी लिया जा सकता है,नई पॉलिसी के तहत एक्सट्रा चार्ज देकर ज्यादा एफएआर भी लिया जा सकता है,नई पॉलिसी के तहत एक्स्ट्रा चार्ज देकर ज्यादा एफआईआर भी लिया जा सकता है,0.14285714285714285,0.04285714285714286,नई पॉलिसी के तहत एक्सट्रा चार्ज देकर ज्यादा एफआईआर भी लिया जा सकता है,नई पॉलिसी के तहत एक्सट्रा चार्ज देकर ज्यादा एफएआर भी लिया जा सकता है,0.07142857142857142,0.028985507246376812
उन्होंने वन मुख्यालय से प्रस्ताव पर अनुमति प्रदान करने का आग्रह किया है,उन्होंने वन मुख्यालय से प्रस्ताव पर अनुमति प्रदान करने का आग्रह किया है।,उन्होंने वन मुख्यालय से प्रस्ताव पर अनुमति प्रदान करने का आग्रह किया है,उन्होंने वन मुख्यालय से प्रस्ताव पर अनुमति प्रदान करने का आग्रह किया है,0.0,0.0,उन्होंने वन मुख्यालय से प्रस्ताव पर अनुमति प्रदान करने का आग्रह किया है,उन्होंने वन मुख्यालय से प्रस्ताव पर अनुमति प्रदान करने का आग्रह किया है,0.0,0.0
उषा ने ऑटो चालक को बताया कि उसे भिंड जाना है,उषा ने ऑटो चालक को बताया कि उसे भिंड जाना है,उषा ने ऑटो चालक को बताया कि उसे भिंड जाना है,उषा ने ऑटो चालक को बताया कि उसे भिंड जाना है,0.0,0.0,उषा ने ऑटो चालक को बताया कि उसे भिंड जाना है,उषा ने ऑटो चालक को बताया कि उसे भिंड जाना है,0.0,0.0
देश की जनता अपने आप अन्ना की टीम के सवालों का जवाब चुनावों में देगी,देश की जनता अपने आप अन्ना की टीम के सवालों का जवाब चुनावों में देगी,देश की जनता अपने आप अन्ना की टीम के सवालों का जवाब चुनावों में देगी,देश की जनता अपने आप अन्ना की टीम के सवालों का जवाब चुनावों में देगी,0.0,0.0,देश की जनता अपने आप अन्ना की टीम के सवालों का जवाब चुनावों में देगी,देश की जनता अपने आप अन्ना की टीम के सवालों का जवाब चुनावों में देगी,0.0,0.0
शासन द्वारा मंजूरी मिलते ही ओपन जेल का निर्माण कार्य शुरू हो गया,शासन द्वारा मंजूरी मिलते ही ओपन जेल का निर्माण कार्य शुरू हो गया,शासन द्वारा मंजूरी मिलते ही ओपन जेल का निर्माण कार्य शुरू हो गया,शासन द्वारा मंजूरी मिलते ही ओपन जेल का निर्माण कार्य शुरू हो गया,0.0,0.0,शासन द्वारा मंजूरी मिलते ही ओपन जेल का निर्माण कार्य शुरू हो गया,शासन द्वारा मंजूरी मिलते ही ओपन जेल का निर्माण कार्य शुरू हो गया,0.0,0.0
इसके अलावा गुजरात के अहमदाबाद में आज जगन्नाथ यात्रा निकाली जाएगी,इसके अलावा गुजरात के अहमदाबाद में आज जगन्नाथ यात्रा निकाली जाएगी,इसके अलावा गुजरात के अहमदाबाद में आज जगन्नाथ यात्रा निकाली जाएगी,इसके अलावा गुजरात के अहमदाबाद में आज जगन्नाथ यात्रा निकाली जाएगी,0.0,0.0,इसके अलावा गुजरात के अहमदाबाद में आज जगन्नाथ यात्रा निकाली जाएगी,इसके अलावा गुजरात के अहमदाबाद में आज जगन्नाथ यात्रा निकाली जाएगी,0.0,0.0
अभी यह साफ नहीं है कि किरण नई पार्टी बनाएंगे अथवा नहीं,अभी यह साफ नहीं है कि किरण नई पार्टी बनाएंगे अथवा नहीं,अभी यह साफ नहीं है कि किरण नई पार्टी बनाएंगे अथवा नहीं,अभी यह साफ नहीं है कि किरण नई पार्टी बनाएंगे अथवा नहीं,0.0,0.0,अभी यह साफ नहीं है कि किरण नई पार्टी बनाएंगे अथवा नहीं,अभी यह साफ नहीं है कि किरण नई पार्टी बनाएंगे अथवा नहीं,0.0,0.0
लोग रो रहे थे तो कोई उन्हें ढाढस बंधा रहा था,लोग रो रहे थे तो कोई उन्हें ढांढस बंधा रहा था।,लोग रो रहे थे तो कोई उन्हें ढाढस बंधा रहा था,लोग रो रहे थे तो कोई उन्हें ढांढस बंधा रहा था,0.09090909090909091,0.022222222222222223,लोग रो रहे थे तो कोई उन्हें ढाढस बंधा रहा था,लोग रो रहे थे तो कोई उन्हें ढाढस बंधा रहा था,0.0,0.0
स्वतंत्रता सेनानी अमरनाथ डोगरा को पुलिस के जवानों ने उन्हें अंतिम विदाई दी,स्वतंत्रता सेनानी अमरनाथ डोगरा को पुलिस के जवानों ने उन्हें अंतिम विदाई दी,स्वतंत्रता सेनानी अमरनाथ डोगरा को पुलिस के जवानों ने उन्हें अंतिम विदाई दी,स्वतंत्रता सेनानी अमरनाथ डोगरा को पुलिस के जवानों ने उन्हें अंतिम विदाई दी,0.0,0.0,स्वतंत्रता सेनानी अमरनाथ डोगरा को पुलिस के जवानों ने उन्हें अंतिम विदाई दी,स्वतंत्रता सेनानी अमरनाथ डोगरा को पुलिस के जवानों ने उन्हें अंतिम विदाई दी,0.0,0.0
उन फोटोज में कपिल एक प्यारी सी बच्ची को थामे हुए थे,उन फोटोज़ में कपिल एक प्यारी सी बच्ची को थामे हुए थे,उन फोटोज में कपिल एक प्यारी सी बच्ची को थामे हुए थे,उन फोटोज़ में कपिल एक प्यारी सी बच्ची को थामे हुए थे,0.08333333333333333,0.019230769230769232,उन फोटोज में कपिल एक प्यारी सी बच्ची को थामे हुए थे,उन फोटोज में कपिल एक प्यारी सी बच्ची को थामे हुए थे,0.0,0.0
होली के आठ दिन बाद होती है शीतला माता की पूजा,होली के आठ दिन बाद होती है शीतला माता की पूजा,होली के आठ दिन बाद होती है शीतला माता की पूजा,होली के आठ दिन बाद होती है शीतला माता की पूजा,0.0,0.0,होली के आठ दिन बाद होती है शीतला माता की पूजा,होली के आठ दिन बाद होती है शीतला माता की पूजा,0.0,0.0
आस्था के केंद्र इस मंदिर में लोग प्रतिदिन पूजा करते हैं,आस्था के केंद्र इस मंदिर में लोग प्रतिदिन पूजा करते हैं।,आस्था के केंद्र इस मंदिर में लोग प्रतिदिन पूजा करते हैं,आस्था के केंद्र इस मंदिर में लोग प्रतिदिन पूजा करते हैं,0.0,0.0,आस्था के केंद्र इस मंदिर में लोग प्रतिदिन पूजा करते हैं,आस्था के केंद्र इस मंदिर में लोग प्रतिदिन पूजा करते हैं,0.0,0.0
धोनी ने मैदान पर आते ही आक्रामक अंदाज में बल्लेबाजी करनी शुरू कर दी,धोनी ने मैदान पर आते ही आक्रामक अंदाज़ में बल्लेबाजी करनी शुरू कर दी,धोनी ने मैदान पर आते ही आक्रामक अंदाज में बल्लेबाजी करनी शुरू कर दी,धोनी ने मैदान पर आते ही आक्रामक अंदाज़ में बल्लेबाजी करनी शुरू कर दी,0.07142857142857142,0.014705882352941176,धोनी ने मैदान पर आते ही आक्रामक अंदाज में बल्लेबाजी करनी शुरू कर दी,धोनी ने मैदान पर आते ही आक्रामक अंदाज में बल्लेबाजी करनी शुरू कर दी,0.0,0.0
जिसके लिए उनका देहान्त के बाद तर्पण किया जाता है,जिसके लिए उनका देहांत के बाद तर्पण किया जाता है।,जिसके लिए उनका देहान्त के बाद तर्पण किया जाता है,जिसके लिए उनका देहांत के बाद तर्पण किया जाता है,0.1,0.041666666666666664,जिसके लिए उनका देहान्त के बाद तर्पण किया जाता है,जिसके लिए उनका देहान्त के बाद तर्पण किया जाता है,0.0,0.0
सूर्योदय से पहले उठकर स्नान से निवृत्त होकर पीले रंग के वस्त्र पहनने चाहिए,सूर्योदय से पहले उठकर स्नान से निवृत्त होकर पीले रंग के वस्त्र पहनने चाहिए।,सूर्योदय से पहले उठकर स्नान से निवृत्त होकर पीले रंग के वस्त्र पहनने चाहिए,सूर्योदय से पहले उठकर स्नान से निवृत्त होकर पीले रंग के वस्त्र पहनने चाहिए,0.0,0.0,सूर्योदय से पहले उठकर स्नान से निवृत्त होकर पीले रंग के वस्त्र पहनने चाहिए,सूर्योदय से पहले उठकर स्नान से निवृत्त होकर पीले रंग के वस्त्र पहनने चाहिए,0.0,0.0
परिणामस्वरूप लोगों को मतदान के प्रति जागरूक करना एक सामाजिक कार्य है,परिणाम स्वरूप लोगों को मतदान के प्रति जागरूक करना एक सामाजिक कार्य है।,परिणामस्वरूप लोगों को मतदान के प्रति जागरूक करना एक सामाजिक कार्य है,परिणाम स्वरूप लोगों को मतदान के प्रति जागरूक करना एक सामाजिक कार्य है,0.15384615384615385,0.014492753623188406,परिणामस्वरूप लोगों को मतदान के प्रति जागरूक करना एक सामाजिक कार्य है,परिणामस्वरूप लोगों को मतदान के प्रति जागरूक करना एक सामाजिक कार्य है,0.0,0.0
चोर स्टेज से ले उड़ा नोटों से भरा हुआ बैग,चोर स्टेज से ले उड़ा नोटों से भरा हुआ बैग,चोर स्टेज से ले उड़ा नोटों से भरा हुआ बैग,चोर स्टेज से ले उड़ा नोटों से भरा हुआ बैग,0.0,0.0,चोर स्टेज से ले उड़ा नोटों से भरा हुआ बैग,चोर स्टेज से ले उड़ा नोटों से भरा हुआ बैग,0.0,0.0
